{"REGIONS":{"0,0":{"x":0,"z":0,"timestamp":1612360377,"status":"complete"},"-512,0":{"timestamp":1612361842,"z":0,"status":"complete","x":-512},"-512,-512":{"status":"complete","z":-512,"timestamp":1612363324,"x":-512},"0,-512":{"timestamp":1612364818,"z":-512,"status":"complete","x":0}},"ELEVATION_PLUGIN":"UKDEFRA","FLOOD":0,"SEA_LEVEL":11,"EAST1":-500,"WEST":-500,"MAP_ZOOM":18,"SOUTH":-500,"COLOURS_FILE":"/mnt/c/Users/ben/Downloads/geocraft/geocraft-master/config/colours","NORTH2":500,"EAST2":500,"TILE_PATTERN":null,"BLOCKS_FILE":"/mnt/c/Users/ben/Downloads/geocraft/geocraft-master/config/blocks","TOP_OF_WORLD":254,"OFFSET_N":115135,"NORTH1":-500,"EAST":500,"ROTATE":null,"OFFSET_E":442560,"NORTH":500,"FLATLAND":0,"POINTS":{},"GRID":"OSGB36","YSHIFT":null,"EXTEND_DOWNWARDS":9,"SCALE":null}